# Authors sorted by whether or not they are me.
Isaac Z. Schlueter <i@izs.me>
Alejandro Morales <vamg008@gmail.com>
Amadeus Demarzi <amadeusdemarzi@gmail.com>
Arlo Breault <arlolra@gmail.com>
Artur Adib <arturadib@gmail.com>
Artur Cistov <artchistov@gmail.com>
AvnerCohen <israbirding@gmail.com>
Barnaby Claydon <barnaby@swipely.com>
Ben Walding <bwalding@cloudbees.com>
Charles Moncrief <cmoncrief@gmail.com>
Chris Jaure <chrisjaure@gmail.com>
C J Silverio <ceejceej@gmail.com>
Dan Rowe <draco2003@gmail.com>
Dave Eddy <dave@daveeddy.com>
Domenic Denicola <domenic@domenicdenicola.com>
Dominykas Blyžė <hello@dominykas.com>
Elijah Insua <tmpvar@gmail.com>
Fred Cox <mcfedr@gmail.com>
Jacques Marneweck <jacques@siberia.co.za>
Jamund Ferguson <jamund@gmail.com>
Jonnathan <jonnsl@hotmail.com>
Jordan Harband <ljharb@gmail.com>
Luke Arduini <luke.arduini@me.com>
Magnus Hoff <maghoff@gmail.com>
Max Ogden <max+ogden@maxogden.com>
Meryn Stol <merynstol@gmail.com>
Mike Swift <theycallmeswift@gmail.com>
Miroslav Bajtos <miro.bajtos@gmail.com>
Morteza Milani <mrtz.milani@googlemail.com>
Paul Dixon <paul.dixon@mintbridge.co.uk>
Pelle Wessman <pelle@kodfabrik.se>
Pierre Bertet <bonjour@pierrebertet.net>
Raquel Vélez <raquel@rckbt.me>
Robert Kowalski <rok@kowalski.gd>
Rod Vagg <rod@vagg.org>
Visnu Pitiyanuvath <visnupx@gmail.com>
arei <arei@usa.com>
charmander <campersander@gmail.com>
freewil <sean@eternalrise.com>
jden <jason@denizac.org>
morganrallen <morganrallen@gmail.com>
ZhiCun <island205@gmail.com>
